time,open,high,low,close,volume,ticker
2019-01-14,14977,15072,14595,14881,5012350,POW
2019-01-15,14929,15072,14643,14977,2169510,POW
2019-01-16,14977,14977,14833,14881,2143250,POW
2019-01-17,14833,14977,14738,14881,2113620,POW
2019-01-18,14786,14833,14500,14500,1448780,POW
2019-01-21,14500,14833,14118,14643,1817190,POW
2019-01-22,14643,14833,14643,14786,1768140,POW
2019-01-23,14786,14786,14643,14786,977240,POW
2019-01-24,14690,14786,14643,14690,517110,POW
2019-01-25,14690,14690,14595,14690,435200,POW
2019-01-28,14690,15120,14690,15024,3064880,POW
2019-01-29,15072,15644,14929,15549,4980230,POW
2019-01-30,15549,16551,15549,16026,7552940,POW
2019-01-31,16026,16169,15644,15692,2362380,POW
2019-02-01,15597,15930,15597,15787,1619200,POW
2019-02-11,15883,16312,15883,16169,3752380,POW
2019-02-12,16217,16217,16074,16121,2686510,POW
2019-02-13,16121,16121,15930,16074,3916110,POW
2019-02-14,16026,16407,15930,16074,5089900,POW
2019-02-15,16169,16217,15978,15978,3055960,POW
2019-02-18,16074,16694,16074,16694,8489990,POW
2019-02-19,16694,16789,16121,16169,3702110,POW
2019-02-20,16121,16217,15787,15787,3391290,POW
2019-02-21,15740,16026,15597,15692,4536990,POW
2019-02-22,15692,15787,15215,15453,5377940,POW
2019-02-25,15453,15740,15453,15644,1893470,POW
2019-02-26,15644,15692,15406,15501,1675950,POW
2019-02-27,15501,15740,15501,15644,1365590,POW
2019-02-28,15692,15692,15358,15358,1692050,POW
2019-03-01,15358,15930,15310,15930,2603830,POW
2019-03-04,16026,16169,15692,15692,2024920,POW
2019-03-05,15835,16312,15692,16026,3907610,POW
2019-03-06,16169,16264,15883,16074,2418960,POW
2019-03-07,16121,16217,15930,16169,1974070,POW
2019-03-08,16026,16026,15835,15930,1326590,POW
2019-03-11,15930,15930,15406,15597,2640560,POW
2019-03-12,15787,15930,15453,15597,3079800,POW
2019-03-13,15930,15978,15740,15740,2715120,POW
2019-03-14,15787,15835,15692,15835,1449750,POW
2019-03-15,15835,15835,15549,15549,1643500,POW
2019-03-18,15549,15549,14881,15072,5694310,POW
2019-03-19,15072,15358,14786,14833,2644790,POW
2019-03-20,14833,15406,14547,15120,4660610,POW
2019-03-21,15215,15263,14595,14595,2162840,POW
2019-03-22,14643,14929,14595,14786,2211480,POW
2019-03-25,14404,14547,14166,14213,3191830,POW
2019-03-26,14452,14452,14118,14166,1539410,POW
2019-03-27,14309,14833,14309,14690,3047950,POW
2019-03-28,14643,14690,14547,14547,457770,POW
2019-03-29,14690,14738,14452,14452,696560,POW
2019-04-01,14500,14595,14356,14595,1403170,POW
2019-04-02,14786,14833,14595,14595,2096660,POW
2019-04-03,14643,14643,14500,14595,587910,POW
2019-04-04,14690,14738,14547,14547,1308300,POW
2019-04-05,14690,14833,14547,14690,1648190,POW
2019-04-08,14738,14881,14690,14833,2362440,POW
2019-04-09,14929,14929,14547,14547,999160,POW
2019-04-10,14547,14547,14309,14356,1394870,POW
2019-04-11,14404,14452,14309,14356,681090,POW
2019-04-12,14309,14452,14261,14452,600920,POW
2019-04-16,14356,14356,14213,14309,671970,POW
2019-04-17,14404,14404,13975,13975,1109360,POW
2019-04-18,13975,14261,13641,13736,1797300,POW
2019-04-19,13736,13927,13307,13450,2911730,POW
2019-04-22,13450,13689,13355,13593,644070,POW
2019-04-23,13546,13832,13355,13498,1585540,POW
2019-04-24,13546,13832,13450,13832,1116670,POW
2019-04-25,13832,13832,13593,13689,507830,POW
2019-04-26,13546,14118,13498,14118,1125830,POW
2019-05-02,14118,14166,13927,13975,741980,POW
2019-05-03,13975,14023,13879,13927,548580,POW
2019-05-06,13546,13736,13450,13593,719510,POW
2019-05-07,13593,13689,13259,13259,1733430,POW
2019-05-08,13259,13355,13021,13069,1830900,POW
2019-05-09,13212,13259,12687,12878,2839890,POW
2019-05-10,13021,13021,12735,12973,1510150,POW
2019-05-13,13164,13641,13164,13593,2065340,POW
2019-05-14,13736,14500,13736,14500,5562230,POW
2019-05-15,15024,15215,14738,14786,4049060,POW
2019-05-16,14690,14881,14500,14500,2155740,POW
2019-05-17,14595,14929,14547,14738,3015910,POW
2019-05-20,14786,14881,14690,14786,2200780,POW
2019-05-21,14786,14881,14643,14690,2095150,POW
2019-05-22,14738,15024,14690,14738,2668910,POW
2019-05-23,14643,14786,14595,14786,1087530,POW
2019-05-24,14786,15072,14595,14977,2890960,POW
2019-05-27,15072,15215,14977,15072,2310430,POW
2019-05-28,15263,15453,15072,15263,5215080,POW
2019-05-29,15072,15167,14977,14977,1945380,POW
2019-05-30,15072,15072,14929,14977,1021950,POW
2019-05-31,14977,14977,14547,14547,1733870,POW
2019-06-03,14452,14690,14213,14500,1182880,POW
2019-06-04,14500,14881,14500,14786,857300,POW
2019-06-05,14881,14929,14786,14881,1431870,POW
2019-06-06,14881,15024,14786,15024,1463300,POW
2019-06-07,15120,15358,15120,15310,3216140,POW
2019-06-10,15549,15644,15310,15358,2921550,POW
2019-06-11,15358,15406,15072,15120,1320290,POW
2019-06-12,15120,15120,14929,15024,1922670,POW
2019-06-13,15024,15024,14738,14881,1315050,POW
2019-06-14,14690,15024,14690,14881,520010,POW
2019-06-17,15215,15263,14977,15215,3637680,POW
2019-06-18,15263,15310,15024,15072,3147750,POW
2019-06-19,14929,15167,14929,14929,1797490,POW
2019-06-20,14881,14929,14738,14786,1217460,POW
2019-06-21,14690,14977,14595,14690,33346330,POW
2019-06-24,14690,14690,14118,14166,2920390,POW
2019-06-25,14166,14500,14070,14166,2049410,POW
2019-06-26,14166,14309,14118,14118,882080,POW
2019-06-27,14118,14166,13736,13784,1137220,POW
2019-06-28,13784,14500,13689,14500,2710410,POW
2019-07-01,14309,14404,14213,14309,935300,POW
2019-07-02,14309,14309,13832,14118,355030,POW
2019-07-03,14023,14166,13927,14070,494650,POW
2019-07-04,14166,14261,14023,14118,541380,POW
2019-07-05,14166,14166,13975,14023,563140,POW
2019-07-08,14023,14118,13927,13975,563020,POW
2019-07-09,13927,14023,13832,13832,461750,POW
2019-07-10,13927,14166,13927,14023,990310,POW
2019-07-11,14118,14166,13975,14118,588150,POW
2019-07-12,14213,14309,14023,14213,1071280,POW
2019-07-15,14213,14213,14023,14023,410750,POW
2019-07-16,14023,14118,13927,13927,1042270,POW
2019-07-17,13927,13927,13784,13879,640600,POW
2019-07-18,13879,13879,13641,13689,886370,POW
2019-07-19,13736,13832,13355,13402,1377980,POW
2019-07-22,13450,13736,13259,13355,1507590,POW
2019-07-23,13355,13498,13307,13450,668930,POW
2019-07-24,13736,13736,13402,13402,698410,POW
2019-07-25,13641,13641,13450,13498,1064760,POW
2019-07-26,13641,13736,13498,13498,948270,POW
2019-07-29,13593,13641,13307,13402,785670,POW
2019-07-30,13402,13450,13164,13164,1393240,POW
2019-07-31,13164,13450,13069,13450,981860,POW
2019-08-01,13546,13593,13164,13259,1116990,POW
2019-08-02,13307,13593,13164,13355,2041200,POW
2019-08-05,13402,13689,13259,13259,1529800,POW
2019-08-06,12782,13212,12782,12830,1577560,POW
2019-08-07,12782,13164,12735,12782,2120610,POW
2019-08-08,12830,12926,12639,12735,1407860,POW
2019-08-09,12926,12973,12782,12830,1188030,POW
2019-08-12,12878,12926,12687,12687,1058150,POW
2019-08-13,12687,12735,12162,12305,2625640,POW
2019-08-14,12496,12592,12305,12305,1316790,POW
2019-08-15,12067,12305,12019,12210,900070,POW
2019-08-16,12210,12401,12210,12305,1054600,POW
2019-08-19,12544,12544,12210,12353,937260,POW
2019-08-20,12353,12449,12305,12353,821310,POW
2019-08-21,12401,12687,12353,12687,2333080,POW
2019-08-22,12782,12830,12639,12639,1289090,POW
2019-08-23,12687,12687,12592,12592,924650,POW
2019-08-26,12401,12592,12305,12305,1082960,POW
2019-08-27,12353,12544,12305,12544,1379470,POW
2019-08-28,12544,12592,12305,12305,730320,POW
2019-08-29,12401,12401,12210,12210,744490,POW
2019-08-30,12353,12401,12258,12305,309500,POW
2019-09-03,12401,12401,12258,12305,324860,POW
2019-09-04,12401,12353,12210,12305,278680,POW
2019-09-05,12305,12353,12210,12258,404840,POW
2019-09-06,12353,12353,12210,12210,230770,POW
2019-09-09,12210,12305,12019,12019,628570,POW
2019-09-10,12019,12162,11733,11733,763800,POW
2019-09-11,11733,11828,11542,11638,559360,POW
2019-09-12,11638,12067,11638,11828,720450,POW
2019-09-13,11924,12210,11924,12067,802520,POW
2019-09-16,12305,12353,12067,12115,820120,POW
2019-09-17,12067,12115,11924,11924,522850,POW
2019-09-18,11924,12305,11924,12115,713690,POW
2019-09-19,12210,12210,12067,12115,707480,POW
2019-09-20,12162,12162,11972,11972,1311040,POW
2019-09-23,11972,12162,11972,11972,650780,POW
2019-09-24,11972,12019,11924,11924,485060,POW
2019-09-25,11924,11972,11733,11781,979390,POW
2019-09-26,11876,11876,11638,11733,1515400,POW
2019-09-27,11924,12258,11781,12115,3040780,POW
2019-09-30,12162,12496,12115,12305,2611700,POW
2019-10-01,12305,12401,12210,12258,1071420,POW
2019-10-02,12258,12258,12115,12210,949780,POW
2019-10-03,12115,12162,11924,12019,1066530,POW
2019-10-04,12067,12401,12067,12258,2776940,POW
2019-10-07,12258,12496,12258,12401,2550910,POW
2019-10-08,12496,12592,12258,12353,1731410,POW
2019-10-09,12353,12401,12258,12258,1281030,POW
2019-10-10,12305,12401,12210,12305,2137300,POW
2019-10-11,12353,12353,12115,12162,1290330,POW
2019-10-14,12210,12305,12115,12258,1608460,POW
2019-10-15,12210,12258,12162,12210,1110460,POW
2019-10-16,12258,12639,12210,12544,4518750,POW
2019-10-17,12639,12687,12496,12592,1820970,POW
2019-10-18,12639,12878,12639,12687,4298110,POW
2019-10-21,12687,12687,12496,12544,1395670,POW
2019-10-22,12544,12544,12353,12449,2448870,POW
2019-10-23,12449,12592,12305,12401,2690170,POW
2019-10-24,12496,12592,12449,12496,1342400,POW
2019-10-25,12592,12687,12496,12592,1917280,POW
2019-10-28,12639,12687,12496,12496,1910680,POW
2019-10-29,12449,12592,12305,12305,2227560,POW
2019-10-30,12305,12449,12258,12353,1328290,POW
2019-10-31,12496,12735,12401,12449,2865390,POW
2019-11-01,12544,12926,12401,12926,3475030,POW
2019-11-04,12973,13307,12830,13116,5394180,POW
2019-11-05,13164,13212,13069,13069,2233670,POW
2019-11-06,13069,13212,12973,12973,3032590,POW
2019-11-07,13116,13116,12926,12973,1584190,POW
2019-11-08,13069,13069,12878,12878,1541280,POW
2019-11-11,12926,12926,12735,12782,2413190,POW
2019-11-12,12782,12830,12687,12782,1766020,POW
2019-11-13,12782,12973,12782,12782,1900110,POW
2019-11-14,12782,12878,12735,12782,1245380,POW
2019-11-15,12830,12878,12735,12830,1774620,POW
2019-11-18,12973,13069,12878,13021,2409180,POW
2019-11-19,13069,13164,13021,13116,1239810,POW
2019-11-20,13164,13212,13021,13069,1408400,POW
2019-11-21,13069,13069,12878,13069,1206600,POW
2019-11-22,13021,13069,12687,12687,1981770,POW
2019-11-25,12735,12782,12544,12687,1251490,POW
2019-11-26,12687,12830,12639,12782,1976450,POW
2019-11-27,12735,12830,12592,12639,1190110,POW
2019-11-28,12639,12639,12258,12305,2086560,POW
2019-11-29,12305,12353,12115,12210,1573450,POW
2019-12-02,12210,12544,11924,12019,1412320,POW
2019-12-03,11924,12019,11733,11828,2078100,POW
2019-12-04,11733,12115,11733,12115,873600,POW
2019-12-05,12162,12162,11972,12067,843930,POW
2019-12-06,12019,12067,11972,12067,462520,POW
2019-12-09,12115,12115,11972,12019,782040,POW
2019-12-10,11972,12019,11781,11781,1932240,POW
2019-12-11,11828,11924,11781,11924,583750,POW
2019-12-12,11972,11972,11828,11828,752860,POW
2019-12-13,11876,11924,11781,11781,994940,POW
2019-12-16,11828,12067,11781,12067,1470600,POW
2019-12-17,12115,12115,11781,11781,704870,POW
2019-12-18,11781,11876,11733,11781,1228730,POW
2019-12-19,11828,11972,11781,11876,983350,POW
2019-12-20,11924,11972,11781,11781,2979160,POW
2019-12-23,11876,11972,11828,11828,1691740,POW
2019-12-24,11924,11972,11781,11828,964320,POW
2019-12-25,11828,11828,11590,11733,2503850,POW
2019-12-26,11685,11781,11638,11685,818600,POW
2019-12-27,11685,11733,11161,11208,3954730,POW
2019-12-30,11161,11256,10827,10970,3067050,POW
2019-12-31,10970,11065,10875,10922,1263220,POW
2020-01-02,10970,11352,10922,11352,1569270,POW
2020-01-03,11352,11447,11113,11161,1245410,POW
2020-01-06,11113,11161,10827,10827,2064670,POW
2020-01-07,10875,10922,10684,10731,1893960,POW
2020-01-08,10684,10684,10016,10254,5339280,POW
2020-01-09,10350,10588,10302,10398,2226540,POW
2020-01-10,10445,10636,10302,10588,1461150,POW
2020-01-13,10588,10588,10493,10493,1298370,POW
2020-01-14,10588,10588,10398,10398,1438620,POW
2020-01-15,10398,10398,10302,10398,1119580,POW
2020-01-16,10493,10541,10398,10493,1479520,POW
2020-01-17,10541,10541,10302,10302,1629430,POW
2020-01-20,10302,10398,10159,10207,1136080,POW
2020-01-21,10398,10684,10398,10398,2980510,POW
2020-01-22,10493,10636,10445,10588,1844340,POW
2020-01-30,10493,10827,10493,10588,3263130,POW
2020-01-31,10588,10684,10016,10016,2556250,POW
2020-02-03,9444,9730,9320,9529,3839880,POW
2020-02-04,9634,9730,9062,9062,3640180,POW
2020-02-05,9157,9253,9033,9129,2301300,POW
2020-02-06,9157,9587,9119,9587,2202420,POW
2020-02-07,9587,9634,9434,9453,1520380,POW
2020-02-10,9253,9348,9205,9234,1441160,POW
2020-02-11,9272,9501,9253,9405,1775070,POW
2020-02-12,9482,10064,9444,10064,3050250,POW
2020-02-13,10207,10445,9873,10064,3076810,POW
2020-02-14,10064,10064,9825,9921,1156570,POW
2020-02-17,9873,9968,9777,9873,2084770,POW
2020-02-18,9921,9968,9825,9873,1786200,POW
2020-02-19,9921,10111,9873,9968,1982300,POW
2020-02-20,10016,10445,10016,10398,4728350,POW
2020-02-21,10398,10445,10159,10254,1762570,POW
2020-02-24,9921,9968,9539,9539,3312940,POW
2020-02-25,9176,9520,9176,9491,3369430,POW
2020-02-26,9253,9921,9253,9730,2278130,POW
2020-02-27,9730,9873,9539,9634,1045640,POW
2020-02-28,9444,9520,9301,9396,2284820,POW
2020-03-02,9396,9529,9329,9520,1786920,POW
2020-03-03,9730,9777,9472,9472,2539230,POW
2020-03-04,9491,9634,9444,9501,2680650,POW
2020-03-05,9682,9921,9634,9730,3579000,POW
2020-03-06,9682,9777,9539,9634,2292720,POW
2020-03-09,8967,9348,8967,8967,4943410,POW
2020-03-10,8776,9148,8585,9062,2871290,POW
2020-03-11,9129,9205,8556,8604,5177740,POW
2020-03-12,8108,8251,8003,8003,5361200,POW
2020-03-13,7459,8490,7450,8490,4570810,POW
2020-03-16,8394,8471,7927,8471,3241750,POW
2020-03-17,8022,8957,8022,8442,3061070,POW
2020-03-18,8490,8537,8223,8356,1935700,POW
2020-03-19,8118,8289,8013,8079,2633250,POW
2020-03-20,8108,8299,8022,8070,1980340,POW
2020-03-23,7774,8070,7507,7507,4628880,POW
2020-03-24,7164,7440,7116,7183,5979090,POW
2020-03-25,7517,7555,7412,7488,2458770,POW
2020-03-26,7440,7440,7250,7250,2129230,POW
2020-03-27,7202,7622,7202,7269,3296170,POW
2020-03-30,6868,7154,6763,6811,6321180,POW
2020-03-31,6811,6982,6534,6763,3326670,POW
2020-04-01,6677,7021,6677,7021,2786690,POW
2020-04-03,7230,7383,7154,7345,4559830,POW
2020-04-06,7440,7812,7440,7765,5085950,POW
2020-04-07,7822,7822,7488,7622,3974120,POW
2020-04-08,7536,8146,7393,8146,9412400,POW
2020-04-09,8585,8585,8299,8308,8939620,POW
2020-04-10,8308,8308,8108,8137,4340530,POW
2020-04-13,8108,8585,8108,8394,9334920,POW
2020-04-14,8490,8690,8442,8633,8810870,POW
2020-04-15,8633,8757,8595,8642,5992790,POW
2020-04-16,8623,8623,8461,8537,6101990,POW
2020-04-17,8680,8728,8595,8623,7226610,POW
2020-04-20,8633,9205,8633,8967,9313990,POW
2020-04-21,8738,9272,8680,8900,8218710,POW
2020-04-22,8728,9196,8728,9043,6720180,POW
2020-04-23,9215,9243,9062,9062,5040470,POW
2020-04-24,9062,9110,8909,9110,4195500,POW
2020-04-27,9234,9520,9205,9444,7551040,POW
2020-04-28,9444,9825,9444,9825,6732100,POW
2020-04-29,10064,10207,9825,10064,7596170,POW
2020-05-04,9491,9777,9367,9367,9813410,POW
2020-05-05,9367,9367,9072,9215,4936160,POW
2020-05-06,9119,9491,9119,9491,3990060,POW
2020-05-07,9501,9730,9491,9730,5567040,POW
2020-05-08,9730,9921,9539,9634,9446390,POW
2020-05-11,9682,9730,9510,9682,6886910,POW
2020-05-12,9682,10207,9539,9921,9616910,POW
2020-05-13,9921,10064,9682,9825,5437450,POW
2020-05-14,9777,9825,9682,9682,4737210,POW
2020-05-15,9682,9873,9520,9539,6774570,POW
2020-05-18,9587,9682,9501,9634,4182830,POW
2020-05-19,9825,9825,9682,9730,5691970,POW
2020-05-20,9730,9777,9634,9730,2829110,POW
2020-05-21,9777,9825,9634,9730,3418370,POW
2020-05-22,9682,9730,9634,9634,3427860,POW
2020-05-25,9634,9921,9539,9730,6129070,POW
2020-05-26,9825,10207,9777,10111,9494050,POW
2020-05-27,10302,10350,9825,9825,6554400,POW
2020-05-28,9873,10016,9777,9921,4370760,POW
2020-05-29,9921,9921,9777,9777,3266210,POW
2020-06-01,9825,10016,9730,9968,5895450,POW
2020-06-02,9968,10302,9921,10016,8399210,POW
2020-06-03,10016,10111,10016,10111,1852120,POW
2020-06-04,10111,10207,10064,10111,4422880,POW
2020-06-05,9968,10111,9968,10064,3629740,POW
2020-06-08,10111,10445,10064,10207,9229590,POW
2020-06-09,10207,10684,10159,10541,11287760,POW
2020-06-10,10588,11065,10445,10731,8462490,POW
2020-06-11,10731,10875,10016,10016,8025890,POW
2020-06-12,9539,9968,9491,9968,8061350,POW
2020-06-15,10159,10398,9968,10016,7993180,POW
2020-06-16,10350,10350,10111,10207,2829510,POW
2020-06-17,10254,10302,9968,10064,2289770,POW
2020-06-18,9921,10016,9825,9921,2110880,POW
2020-06-19,9968,10064,9921,9921,5510450,POW
2020-06-22,10111,10207,9968,10016,3155170,POW
2020-06-23,10016,10111,9921,10016,3121350,POW
2020-06-24,10016,10064,9825,9873,3628640,POW
2020-06-25,9730,9825,9682,9777,2011800,POW
2020-06-26,9921,9921,9682,9730,2136030,POW
2020-06-29,9682,9682,9262,9348,6871990,POW
2020-06-30,9539,9539,9081,9253,3469960,POW
2020-07-01,9224,9386,9224,9348,3392940,POW
2020-07-02,9396,9396,9157,9167,3584950,POW
2020-07-03,9196,9301,9196,9224,2215180,POW
2020-07-06,9301,9529,9234,9529,2493770,POW
2020-07-07,9634,9682,9444,9444,2967540,POW
2020-07-08,9396,9472,9386,9405,1789350,POW
2020-07-09,9405,9587,9405,9520,2363370,POW
2020-07-10,9510,9682,9510,9587,4168490,POW
2020-07-13,9682,9682,9539,9587,2304090,POW
2020-07-14,9539,9587,9491,9587,1668900,POW
2020-07-15,9634,9682,9539,9539,1994200,POW
2020-07-16,9587,9634,9539,9634,2230860,POW
2020-07-17,9634,9634,9539,9539,2046110,POW
2020-07-20,9539,9587,9405,9405,2396230,POW
2020-07-21,9434,9434,9339,9367,2969690,POW
2020-07-22,9367,9386,9272,9281,2040390,POW
2020-07-23,9272,9291,9148,9205,2756070,POW
2020-07-24,9167,9186,8566,8881,8622390,POW
2020-07-27,8299,8566,8261,8394,6562990,POW
2020-07-28,8404,8938,8404,8881,4564900,POW
2020-07-29,8585,8776,8442,8776,3664080,POW
2020-07-30,8623,8881,8623,8881,1905540,POW
2020-07-31,8700,8833,8680,8728,1251940,POW
2020-08-03,8728,8871,8709,8824,3426170,POW
2020-08-04,8871,8957,8871,8909,2082970,POW
2020-08-05,8919,9110,8871,9100,3235640,POW
2020-08-06,9081,9110,8976,9014,3196010,POW
2020-08-07,9005,9014,8909,8967,2093060,POW
2020-08-10,9043,9444,9014,9215,3089970,POW
2020-08-11,9215,9310,9072,9148,1769040,POW
2020-08-12,9148,9310,9148,9281,3841950,POW
2020-08-13,9281,9491,9281,9482,3688550,POW
2020-08-14,9539,9682,9491,9529,5822250,POW
2020-08-17,9539,9539,9348,9405,2572150,POW
2020-08-18,9396,9482,9367,9425,1150340,POW
2020-08-19,9444,9730,9062,9730,3988970,POW
2020-08-20,9730,9730,9491,9539,3244160,POW
2020-08-21,9587,9634,9491,9587,1750300,POW
2020-08-24,9682,9682,9539,9634,3766280,POW
2020-08-25,9634,9730,9539,9539,3296630,POW
2020-08-26,9539,9682,9491,9587,3805950,POW
2020-08-27,9634,9730,9587,9587,2666720,POW
2020-08-28,9634,9777,9634,9634,4044750,POW
2020-08-31,9682,9730,9539,9587,2433320,POW
2020-09-01,9587,9634,9520,9587,2752820,POW
2020-09-03,9634,10016,9587,10016,9666670,POW
2020-09-04,9825,9968,9777,9921,2306270,POW
2020-09-07,9921,9968,9587,9587,3614980,POW
2020-09-08,9587,9634,9510,9587,5113310,POW
2020-09-09,9444,9587,9434,9539,2351140,POW
2020-09-10,9587,9682,9539,9587,1980990,POW
2020-09-11,9539,9634,9501,9539,4063310,POW
2020-09-14,9539,9634,9529,9539,4308150,POW
2020-09-15,9539,9730,9539,9682,4040120,POW
2020-09-16,9682,9730,9587,9682,1159380,POW
2020-09-17,9682,9730,9539,9539,2820640,POW
2020-09-18,9587,9634,9529,9539,7011680,POW
2020-09-21,9634,9682,9539,9634,4680630,POW
2020-09-22,9587,9634,9539,9539,5109720,POW
2020-09-23,9634,9921,9587,9921,12209340,POW
2020-09-24,9921,10016,9730,9777,4775560,POW
2020-09-25,9825,9825,9634,9682,2824500,POW
2020-09-28,9730,9777,9634,9682,4881850,POW
2020-09-29,9777,9921,9682,9682,9799620,POW
2020-09-30,9682,9873,9682,9777,3394810,POW
2020-10-01,9825,9873,9730,9825,5052340,POW
2020-10-02,9873,10302,9825,10111,18218010,POW
2020-10-05,10350,10493,10254,10398,6133970,POW
2020-10-06,10445,10445,10207,10254,6445070,POW
2020-10-07,10207,10302,10064,10064,8011390,POW
2020-10-08,10159,10159,9968,10016,6586690,POW
2020-10-09,10111,10254,10016,10064,4068630,POW
2020-10-12,10111,10207,9825,9873,6611940,POW
2020-10-13,9921,9921,9777,9777,3308250,POW
2020-10-14,9825,9873,9634,9730,8209070,POW
2020-10-15,9730,9825,9634,9682,6120520,POW
2020-10-16,9730,9968,9634,9825,4795660,POW
2020-10-19,9921,9921,9634,9682,6144040,POW
2020-10-20,9777,9777,9634,9730,4923960,POW
2020-10-21,9730,9777,9682,9682,2587590,POW
2020-10-22,9730,9921,9682,9873,6070070,POW
2020-10-23,9921,9968,9730,9825,2577600,POW
2020-10-26,9825,9873,9634,9634,5099730,POW
2020-10-27,9587,9634,9453,9453,10985620,POW
2020-10-28,9444,9482,9215,9234,6636170,POW
2020-10-29,9110,9320,9091,9148,6089210,POW
2020-10-30,9301,9301,8919,8967,7354330,POW
2020-11-02,8967,9110,8967,9062,2665030,POW
2020-11-03,9157,9281,9110,9253,2808170,POW
2020-11-04,9253,9491,9215,9386,5480690,POW
2020-11-05,9396,9405,9310,9320,3329460,POW
2020-11-06,9320,9358,9272,9329,2033990,POW
2020-11-09,9425,9587,9396,9587,5254870,POW
2020-11-10,9730,9730,9529,9539,5592880,POW
2020-11-11,9539,9587,9434,9444,5392480,POW
2020-11-12,9491,9539,9472,9501,2591170,POW
2020-11-13,9520,9587,9501,9539,3946820,POW
2020-11-16,9587,9634,9157,9348,6044390,POW
2020-11-17,9444,9539,9405,9491,4452930,POW
2020-11-18,9639,9639,9540,9570,6919760,POW
2020-11-19,9590,9727,9560,9688,6105850,POW
2020-11-20,9737,9796,9698,9718,5255050,POW
2020-11-23,9777,9885,9747,9786,6737920,POW
2020-11-24,9836,9836,9678,9737,4645630,POW
2020-11-25,9737,9816,9678,9698,4487940,POW
2020-11-26,9698,9786,9639,9718,3336750,POW
2020-11-27,9796,10180,9796,10081,19544810,POW
2020-11-30,10180,10180,9934,9934,6046730,POW
2020-12-01,9836,10032,9737,9934,8243970,POW
2020-12-02,9934,10622,9934,10622,24761720,POW
2020-12-03,10918,11360,10819,11213,21963320,POW
2020-12-04,11065,11655,10918,11360,15525080,POW
2020-12-07,11213,11508,11213,11262,11900730,POW
2020-12-08,11311,11409,11016,11163,13862110,POW
2020-12-09,11163,11606,11114,11213,16813760,POW
2020-12-10,11311,11409,11065,11114,9616650,POW
2020-12-11,11213,11459,11114,11459,11348420,POW
2020-12-14,11557,11754,11459,11704,14781700,POW
2020-12-15,11606,11704,11409,11459,12485670,POW
2020-12-16,11459,11606,11360,11508,11036240,POW
2020-12-17,11508,12147,11459,11655,19076180,POW
2020-12-18,11803,11901,11704,11803,12964810,POW
2020-12-21,11950,12049,11704,11803,11351360,POW
2020-12-22,11803,12000,11606,12000,17743390,POW
2020-12-23,12196,12540,12147,12196,18064820,POW
2020-12-24,12393,12442,11459,11901,11334320,POW
2020-12-25,11901,12147,11655,12098,9386900,POW
2020-12-28,12295,12934,12196,12934,27388490,POW
2020-12-29,12934,13475,12786,13229,14995030,POW
2020-12-30,13229,13573,13081,13180,9297180,POW
2020-12-31,13131,13475,12983,13377,11085450,POW
2021-01-04,13672,14114,13524,13868,13808900,POW
2021-01-05,13721,14163,13672,13967,9595700,POW
2021-01-06,14114,14163,13573,13672,15814800,POW
2021-01-07,13672,13967,13426,13770,18878300,POW
2021-01-08,13967,13967,13573,13721,17665900,POW
2021-01-11,13868,14409,13819,14360,14990800,POW
2021-01-12,14508,14508,14114,14360,10218500,POW
2021-01-13,14360,14360,13967,13967,12927200,POW
2021-01-14,13967,14065,13672,13967,13572300,POW
2021-01-15,13967,14360,13967,14114,11154600,POW
2021-01-18,14262,14950,14114,14508,16600500,POW
2021-01-19,14557,14852,13524,13622,16957800,POW
2021-01-20,13819,14016,12885,13770,13429400,POW
2021-01-21,14065,14360,13721,14114,10056900,POW
2021-01-22,14114,14508,13918,14114,11368400,POW
2021-01-25,13918,14213,13868,13918,7333100,POW
2021-01-26,13967,13967,12983,13278,10346400,POW
2021-01-27,12885,13327,12393,12590,14521900,POW
2021-01-28,11754,12098,11754,11754,9377000,POW
2021-01-29,10967,12295,10967,11704,12247000,POW
2021-02-01,11655,12147,11311,11311,12195500,POW
2021-02-02,11311,11606,11065,11459,9166200,POW
2021-02-03,11803,12245,11704,12245,16931600,POW
2021-02-04,12590,12737,12245,12393,15551800,POW
2021-02-05,12393,12590,12295,12491,5998400,POW
2021-02-08,12442,12590,11704,11950,12156400,POW
2021-02-09,12098,12245,11704,12147,7941500,POW
2021-02-17,12442,12786,12295,12786,9935900,POW
2021-02-18,12934,13081,12590,12836,11708900,POW
2021-02-19,12688,13081,12688,12836,8101200,POW
2021-02-22,12836,12934,12639,12688,9439200,POW
2021-02-23,12786,12836,12540,12639,9370900,POW
2021-02-24,12737,12836,12295,12442,10513000,POW
2021-02-25,12590,12688,12295,12491,8492300,POW
2021-02-26,12295,12491,12196,12393,7515500,POW
2021-03-01,12491,12885,12442,12836,10267400,POW
2021-03-02,12983,12983,12688,12737,10191700,POW
2021-03-03,12688,12737,12540,12639,8794600,POW
2021-03-04,12737,12737,12196,12393,10157900,POW
2021-03-05,12737,13229,12688,13229,44357300,POW
2021-03-08,14114,14114,13819,13918,34227700,POW
2021-03-09,13721,13770,13377,13377,28684500,POW
2021-03-10,13229,13770,13131,13426,22201300,POW
2021-03-11,13721,13721,13475,13573,13652000,POW
2021-03-12,13672,13721,13426,13524,13528800,POW
2021-03-15,13524,13622,13426,13475,15883100,POW
2021-03-16,13475,13475,13081,13377,20292100,POW
2021-03-17,13524,13967,13475,13721,25717600,POW
2021-03-18,13868,13918,13524,13622,11404800,POW
2021-03-19,13475,13524,13180,13180,21629500,POW
2021-03-22,13278,13475,13229,13327,14660600,POW
2021-03-23,13377,13426,12983,13081,14109000,POW
2021-03-24,12737,12885,12393,12540,24200900,POW
2021-03-25,12590,12786,12393,12393,13389000,POW
2021-03-26,12295,12639,11901,12491,14529800,POW
2021-03-29,12737,13032,12491,12885,11148900,POW
2021-03-30,12983,13180,12786,12983,11588000,POW
2021-03-31,12786,13180,12786,12983,8988500,POW
2021-04-01,12983,13573,12786,13426,21872400,POW
2021-04-02,13524,13622,13278,13377,11785100,POW
2021-04-05,13622,13622,13278,13426,12615100,POW
2021-04-06,13377,13426,13131,13229,13868900,POW
2021-04-07,13278,13819,13131,13721,23912700,POW
2021-04-08,13770,13819,13426,13573,13369700,POW
2021-04-09,13622,13672,13475,13573,13053600,POW
2021-04-12,13721,14262,13524,14016,39387800,POW
2021-04-13,14065,14114,13475,13622,16991000,POW
2021-04-14,13377,13672,13327,13573,14854400,POW
2021-04-15,13672,13672,13180,13180,21610400,POW
2021-04-16,13081,13327,12590,12983,21614100,POW
2021-04-19,13081,13081,12737,12885,11302100,POW
2021-04-20,12934,13081,12737,12786,11344700,POW
2021-04-22,12639,12786,12147,12147,16952500,POW
2021-04-23,12147,12393,11950,12393,14126600,POW
2021-04-26,12540,12540,11852,11901,11207300,POW
2021-04-27,11901,12147,11704,11901,8043200,POW
2021-04-28,11901,12344,11901,12000,7027100,POW
2021-04-29,12196,12245,12000,12098,5736700,POW
2021-05-04,11754,11950,11704,11852,9725200,POW
2021-05-05,11950,12639,11950,12491,17327900,POW
2021-05-06,12491,12590,12098,12098,9399100,POW
2021-05-07,12000,12098,11803,11901,10335400,POW
2021-05-10,11803,12098,11754,12000,10027600,POW
2021-05-11,12098,12442,11950,12098,12029400,POW
2021-05-12,12098,12344,12098,12245,6957000,POW
2021-05-13,12196,12393,12000,12000,11655400,POW
2021-05-14,12147,12344,12000,12049,13201700,POW
2021-05-17,12098,12295,11950,11950,7355700,POW
2021-05-18,11901,12049,11754,11803,9919200,POW
2021-05-19,11803,11901,11409,11508,16967900,POW
2021-05-20,11508,11655,11213,11262,14892600,POW
2021-05-21,11262,11754,11114,11508,10073200,POW
2021-05-24,11655,11754,11508,11606,7144500,POW
2021-05-25,11803,11950,11655,11704,8904500,POW
2021-05-26,11704,11704,11459,11459,10227800,POW
2021-05-27,11557,11655,11360,11459,10007800,POW
2021-05-28,11459,11606,11409,11508,11050400,POW
2021-05-31,11508,11557,11262,11557,10786100,POW
2021-06-01,11901,12098,11803,11901,15276200,POW
2021-06-02,11950,12000,11655,11704,10585300,POW
2021-06-03,11754,12491,11754,12491,29463700,POW
2021-06-04,12786,12885,12442,12885,28089300,POW
2021-06-07,13081,13229,12590,12688,16365800,POW
2021-06-08,12491,12590,11852,11901,17997100,POW
2021-06-09,11803,12000,11606,11901,14736400,POW
2021-06-10,11901,12000,11606,11704,11510500,POW
2021-06-11,11704,11950,11704,11852,7187300,POW
2021-06-14,11950,12147,11803,12000,10929200,POW
2021-06-15,12000,12147,11803,11852,7093600,POW
2021-06-16,11852,12098,11803,11852,8674000,POW
2021-06-17,11754,12393,11704,12196,16648000,POW
2021-06-18,12393,12393,12049,12098,9572300,POW
2021-06-21,12098,12491,12000,12295,17757700,POW
2021-06-22,12393,12590,12295,12344,13555100,POW
2021-06-23,12393,12442,12000,12098,8212200,POW
2021-06-24,12049,12147,11852,11950,9627100,POW
2021-06-25,11950,12049,11754,11950,8387300,POW
2021-06-28,12000,12049,11901,11950,6854600,POW
2021-06-29,12000,12049,11852,11852,7940100,POW
2021-06-30,11852,12098,11803,11852,8039100,POW
2021-07-01,11852,11950,11754,11901,7807900,POW
2021-07-02,11901,12000,11803,11803,6398400,POW
2021-07-05,11754,11803,11459,11508,15564100,POW
2021-07-06,11557,11655,11262,11262,8870500,POW
2021-07-07,11262,11409,11016,11213,10777600,POW
2021-07-08,11213,11360,11114,11163,6718600,POW
2021-07-09,11114,11114,10622,10622,12818700,POW
2021-07-12,10622,10672,9885,9983,17743200,POW
2021-07-13,10032,10377,9934,10377,10774400,POW
2021-07-14,10430,10520,10180,10280,6468200,POW
2021-07-15,10280,10520,10130,10520,5825100,POW
2021-07-16,10520,10520,10330,10430,5733100,POW
2021-07-19,10130,10230,9820,9930,11011600,POW
2021-07-20,10030,10130,9890,10130,7529300,POW
2021-07-21,10130,10230,10030,10080,4317000,POW
2021-07-22,10130,10330,10030,10180,8910900,POW
2021-07-23,10230,10570,10230,10330,12132700,POW
2021-07-26,10230,10380,10180,10330,3884200,POW
2021-07-27,10430,10770,10380,10620,11297500,POW
2021-07-28,10520,10620,10430,10430,5322700,POW
2021-07-29,10520,10520,10380,10480,4549800,POW
2021-07-30,10480,10620,10380,10520,7996900,POW
2021-08-02,10520,10720,10480,10570,8023700,POW
2021-08-03,10620,10670,10520,10620,5277700,POW
2021-08-04,10620,10770,10570,10670,7259300,POW
2021-08-05,10620,10720,10520,10620,5149400,POW
2021-08-06,10620,11020,10570,10820,13384300,POW
2021-08-09,10870,11020,10720,10970,6608900,POW
2021-08-10,11020,11210,10970,11070,8710300,POW
2021-08-11,11070,11560,11020,11260,14088400,POW
2021-08-12,11310,11360,11160,11160,7889100,POW
2021-08-13,11110,11260,10920,11110,9936000,POW
2021-08-16,11110,11360,11110,11260,9434700,POW
2021-08-17,11310,11310,11110,11160,6582200,POW
2021-08-18,11160,11260,11070,11210,7345200,POW
2021-08-19,11210,11210,11070,11160,6789800,POW
2021-08-20,11160,11210,10570,10720,15373900,POW
2021-08-23,10670,10720,10380,10380,8650400,POW
2021-08-24,10430,10570,10230,10380,9744200,POW
2021-08-25,10480,11070,10380,11070,13848200,POW
2021-08-26,11410,11460,11020,11160,11872100,POW
2021-08-27,11070,11800,10870,11700,26372500,POW
2021-08-30,11800,12000,11660,11750,13098400,POW
2021-08-31,11750,11800,11560,11660,9509900,POW
2021-09-01,11560,12250,11510,12250,29625300,POW
2021-09-06,12300,12540,12150,12200,14451500,POW
2021-09-07,12200,12300,11850,11850,14859100,POW
2021-09-08,11800,12000,11660,11700,12086400,POW
2021-09-09,11750,12150,11660,11900,9601500,POW
2021-09-10,11850,12150,11850,11900,7819800,POW
2021-09-13,11900,11950,11660,11660,10403000,POW
2021-09-14,11610,11800,11260,11310,15831400,POW
2021-09-15,11310,11660,11310,11610,6169800,POW
2021-09-16,11660,11700,11460,11610,6024200,POW
2021-09-17,11700,11950,11510,11560,15584500,POW
2021-09-20,11750,11800,11510,11560,9918000,POW
2021-09-21,11410,11560,11310,11460,10082200,POW
2021-09-22,11510,11660,11360,11610,9702400,POW
2021-09-23,11750,11750,11560,11560,7630800,POW
2021-09-24,11610,11610,11410,11410,7779100,POW
2021-09-27,11460,11700,11360,11360,9429800,POW
2021-09-28,11360,11610,11260,11560,7279400,POW
2021-09-29,11560,12200,11560,12000,31387100,POW
2021-09-30,12200,12250,11850,11950,9275300,POW
2021-10-01,11800,12350,11800,12200,18134400,POW
2021-10-04,12450,12900,12450,12650,32008500,POW
2021-10-05,12700,12900,12550,12750,22312000,POW
2021-10-06,12850,13100,12700,12850,18554500,POW
2021-10-07,12850,12850,12600,12650,17101900,POW
2021-10-08,12700,12700,12400,12450,18392600,POW
2021-10-11,12400,12600,12200,12400,22294500,POW
2021-10-12,12400,12700,12400,12700,22139000,POW
2021-10-13,12800,12800,12450,12500,15189100,POW
2021-10-14,12500,12600,12400,12500,13130000,POW
2021-10-15,12500,12600,12200,12300,17266800,POW
2021-10-18,12300,12500,12250,12350,13404000,POW
2021-10-19,12300,12500,12250,12300,10371700,POW
2021-10-20,12300,12400,12050,12300,13467100,POW
2021-10-21,12300,12300,12050,12050,13105800,POW
2021-10-22,12050,12200,12000,12100,10268400,POW
2021-10-25,12250,12400,12100,12250,13687600,POW
2021-10-26,12250,12400,12100,12350,8647600,POW
2021-10-27,12400,12500,12250,12400,16018800,POW
2021-10-28,12450,12950,12450,12750,28317600,POW
2021-10-29,12850,12900,12500,12650,15528700,POW
2021-11-01,13000,13300,12900,13100,32971900,POW
2021-11-02,13100,13100,12850,12850,20217000,POW
2021-11-03,12900,12950,12550,12600,22282500,POW
2021-11-04,12600,12800,12500,12650,12984900,POW
2021-11-05,12700,13200,12700,13000,19544900,POW
2021-11-08,13050,13350,13000,13100,19732600,POW
2021-11-09,13050,13150,12850,12850,15214600,POW
2021-11-10,12900,13300,12850,13100,23014100,POW
2021-11-11,13150,13250,12850,12900,16964600,POW
2021-11-12,12850,13150,12850,12950,12659300,POW
2021-11-15,13100,13850,12800,13850,44892800,POW
2021-11-16,14100,14350,13800,14050,29708400,POW
2021-11-17,14000,14350,13850,14150,16772500,POW
2021-11-18,14100,14950,14050,14650,31030000,POW
2021-11-19,14800,14800,13650,13950,32141600,POW
2021-11-22,13900,13950,13050,13050,23654100,POW
2021-11-23,13300,13800,13100,13800,15381900,POW
2021-11-24,13900,14000,13500,13600,13961800,POW
2021-11-25,13650,14200,13600,13850,18694800,POW
2021-11-26,13950,14000,13400,13550,18721300,POW
2021-11-29,13200,13650,13150,13450,15010600,POW
2021-11-30,13650,13900,13400,13500,14880000,POW
2021-12-01,13500,14150,13500,14000,18972500,POW
2021-12-02,14000,14650,14000,14150,22710300,POW
2021-12-03,14200,14350,13550,13550,16516800,POW
2021-12-06,13800,14300,13550,13900,21543500,POW
2021-12-07,14100,14850,14100,14850,29798800,POW
2021-12-08,15450,15700,15050,15100,41633300,POW
2021-12-09,15000,15600,14950,15450,26075800,POW
2021-12-10,15400,16350,15250,16250,38820900,POW
2021-12-13,16250,16550,15950,16200,31156000,POW
2021-12-14,16100,16950,15950,16600,26937900,POW
2021-12-15,16600,16800,16100,16100,25358200,POW
2021-12-16,16050,17200,16000,17200,41619500,POW
2021-12-17,17500,18000,17100,17100,29536500,POW
2021-12-20,17200,18250,16800,18250,38415800,POW
2021-12-21,18100,19500,17950,18700,36657800,POW
2021-12-22,18950,19500,18700,19000,28317600,POW
2021-12-23,19000,19350,17800,18500,44616000,POW
2021-12-24,18150,18350,17250,17250,68470096,POW
2021-12-27,17050,18450,16500,18450,32864200,POW
2021-12-28,18450,19200,18000,18350,24942600,POW
2021-12-29,18100,18700,17850,18000,21429000,POW
2021-12-30,18000,18300,17350,17450,23769100,POW
2021-12-31,17450,17900,17300,17500,15771300,POW
2022-01-04,17700,18700,17700,18700,20441700,POW
2022-01-05,19200,19950,19000,19000,38787800,POW
2022-01-06,18850,19800,18850,19250,27000500,POW
2022-01-07,19250,20350,19250,20150,32879500,POW
2022-01-10,20500,20800,19300,19400,25536900,POW
2022-01-11,19000,19400,18450,18650,32266400,POW
2022-01-12,18650,19200,17350,18150,42975500,POW
2022-01-13,18150,18650,16900,16900,39286800,POW
2022-01-14,16500,17800,16500,17700,21841200,POW
2022-01-17,17700,17700,16500,16500,31333400,POW
2022-01-18,15800,16400,15350,15400,27316100,POW
2022-01-19,15600,16100,15500,16050,14804200,POW
2022-01-20,16100,17100,15800,17000,13110700,POW
2022-01-21,17000,17150,16600,16650,15083600,POW
2022-01-24,16500,16500,15500,15500,19100700,POW
2022-01-25,15100,16550,15100,16550,14575700,POW
2022-01-26,16800,16850,16300,16300,10704700,POW
2022-01-27,16300,16400,16000,16400,7877600,POW
2022-01-28,16400,16950,16200,16800,13677000,POW
2022-02-07,17000,17950,16900,17850,21663200,POW
2022-02-08,17800,18150,17550,17900,18412600,POW
2022-02-09,17900,18150,17700,17800,12505600,POW
2022-02-10,17850,18800,17850,18550,30747500,POW
2022-02-11,18500,18700,18100,18300,14833800,POW
2022-02-14,17900,18350,17700,17700,18913400,POW
2022-02-15,17700,18150,17300,18100,18577300,POW
2022-02-16,18400,18600,18100,18200,14321700,POW
2022-02-17,18400,18950,18150,18600,34267000,POW
2022-02-18,18400,18800,18300,18550,18704500,POW
2022-02-21,18550,18700,18350,18400,18521400,POW
2022-02-22,18200,18250,17500,17800,37116500,POW
2022-02-23,17950,18600,17900,18150,16988300,POW
2022-02-24,18200,18400,17350,17750,23983800,POW
2022-02-25,18000,18150,17750,17850,12072000,POW
2022-02-28,17850,18000,17300,17350,28351900,POW
2022-03-01,17250,17700,16850,17450,26541600,POW
2022-03-02,17450,17900,17250,17450,13376100,POW
2022-03-03,17450,17650,17100,17200,18767300,POW
2022-03-04,17200,17600,17150,17300,15772500,POW
2022-03-07,17200,17200,16900,17050,20090800,POW
2022-03-08,17000,17500,16900,17200,18365200,POW
2022-03-09,17300,17400,16750,16750,18666600,POW
2022-03-10,17000,17150,16600,16600,13857500,POW
2022-03-11,16400,16700,16100,16149,22346800,POW
2022-03-14,16149,16200,15600,15650,16927900,POW
2022-03-15,15700,16400,15650,16400,13518800,POW
2022-03-16,16400,16700,16250,16300,8458000,POW
2022-03-17,16300,16450,16250,16300,7348600,POW
2022-03-18,16300,16450,16050,16100,11552900,POW
2022-03-21,16200,16350,16100,16200,8155900,POW
2022-03-22,16300,16500,16250,16500,13207500,POW
2022-03-23,16600,17250,16550,16900,20680800,POW
2022-03-24,16900,17100,16750,16800,8315300,POW
2022-03-25,16800,16800,16600,16600,8554300,POW
2022-03-28,16400,16500,15850,16050,15665500,POW
2022-03-29,16050,16350,16050,16250,5987400,POW
2022-03-30,16050,16300,15900,15950,10562100,POW
2022-03-31,15950,16149,15850,15850,6965600,POW
2022-04-01,15800,16149,15700,16000,8096000,POW
2022-04-04,16149,16350,16100,16200,7392200,POW
2022-04-05,16300,16600,16200,16350,9487000,POW
2022-04-06,16300,16600,16149,16400,8752600,POW
2022-04-07,16450,16950,16400,16650,23066300,POW
2022-04-08,16650,16750,16200,16200,8847800,POW
2022-04-12,16200,16300,15600,15600,10488800,POW
2022-04-13,15700,15800,15300,15700,11796000,POW
2022-04-14,15700,15850,15550,15550,6184400,POW
2022-04-15,15500,15500,14500,14700,19545500,POW
2022-04-18,14700,15050,14400,14500,10908100,POW
2022-04-19,14500,14750,13500,13500,11657500,POW
2022-04-20,13500,13800,13000,13050,16671300,POW
2022-04-21,13000,13550,12550,13300,16254500,POW
2022-04-22,13500,13750,12950,13350,8958200,POW
2022-04-25,13450,13500,12450,12450,13769800,POW
2022-04-26,12000,13000,11650,13000,12858100,POW
2022-04-27,12850,13150,12700,12950,6915000,POW
2022-04-28,12950,13150,12800,12800,5831000,POW
2022-04-29,12800,13350,12700,13150,10360800,POW
2022-05-04,13550,14050,13450,14050,20394300,POW
2022-05-05,14450,14500,13900,14150,13093700,POW
2022-05-06,13800,14450,13750,13900,11543100,POW
2022-05-09,13600,13850,12950,12950,15383500,POW
2022-05-10,12300,13300,12250,13300,11050700,POW
2022-05-11,13400,13500,13050,13200,6896600,POW
2022-05-12,13150,13250,12300,12300,10599900,POW
2022-05-13,12350,12550,11450,11450,19896800,POW
2022-05-16,12000,12250,11550,11600,9065600,POW
2022-05-17,11650,12400,11600,12400,10158300,POW
2022-05-18,12700,12900,12500,12650,11226900,POW
2022-05-19,12200,13000,12200,12800,12282900,POW
2022-05-20,12950,13200,12700,12800,10580000,POW
2022-05-23,13000,13150,12550,12750,10742800,POW
2022-05-24,12750,12850,12300,12850,9545900,POW
2022-05-25,12900,13450,12850,13400,13931200,POW
2022-05-26,13500,13500,13100,13150,10022600,POW
2022-05-27,13200,13600,13100,13350,11357700,POW
2022-05-30,13450,13600,13350,13450,9576000,POW
2022-05-31,13400,13600,13300,13550,11418700,POW
2022-06-01,13550,14200,13450,13950,19270100,POW
2022-06-02,14000,14100,13500,13550,9044900,POW
2022-06-03,13500,13650,13250,13500,9783700,POW
2022-06-06,13500,14200,13200,13800,24932300,POW
2022-06-07,13800,14750,13700,14750,38045400,POW
2022-06-08,15300,15750,15100,15400,26255700,POW
2022-06-09,15100,15900,15100,15900,22633000,POW
2022-06-10,15550,15950,14850,15000,26983200,POW
2022-06-13,14600,15800,14550,15250,40895700,POW
2022-06-14,15200,15700,14800,15250,20958500,POW
2022-06-15,15250,15450,14200,14500,24843000,POW
2022-06-16,14800,15500,14300,15400,34414700,POW
2022-06-17,15000,16350,14950,16100,37946700,POW
2022-06-20,16200,16400,15000,15000,24827400,POW
2022-06-21,14800,15150,13950,13950,32210000,POW
2022-06-22,13800,14050,13000,13000,37401500,POW
2022-06-23,12600,13900,12600,13900,17533200,POW
2022-06-24,14050,14050,13550,13550,11086300,POW
2022-06-27,13650,14100,13500,13850,13339200,POW
2022-06-28,13850,14400,13750,13900,18126900,POW
2022-06-29,13800,14050,13650,13750,11340100,POW
2022-06-30,13900,14300,13600,13600,13179700,POW
2022-07-01,13650,13850,13000,13600,15651400,POW
2022-07-04,13800,13850,13400,13500,8954100,POW
2022-07-05,13500,13600,12800,13000,21074400,POW
2022-07-06,12800,13300,12800,12800,15064800,POW
2022-07-07,12800,13000,12650,12800,9939600,POW
2022-07-08,12950,13150,12900,13000,6824400,POW
2022-07-11,12950,13000,12350,12500,13694400,POW
2022-07-12,12500,13100,12500,12950,7991500,POW
2022-07-13,12950,13250,12900,13000,7670200,POW
2022-07-14,12850,13100,12850,13100,9878100,POW
2022-07-15,13250,13300,13000,13000,11003100,POW
2022-07-18,13050,13400,13000,13100,7615100,POW
2022-07-19,13350,13600,13200,13450,14638800,POW
2022-07-20,13650,13750,13400,13500,10633300,POW
2022-07-21,13500,13550,13250,13350,8963000,POW
2022-07-22,13400,13450,13050,13150,8481200,POW
2022-07-25,13100,13300,13050,13150,7707200,POW
2022-07-26,13150,13250,13000,13000,6413000,POW
2022-07-27,13000,13100,12850,13100,5630000,POW
2022-07-28,13250,13700,13150,13550,19451800,POW
2022-07-29,13550,13700,13350,13350,10431600,POW
2022-08-01,13350,13550,13300,13500,10610300,POW
2022-08-02,13550,13900,13450,13700,15804900,POW
2022-08-03,13700,13900,13550,13700,13621600,POW
2022-08-04,13800,13800,13550,13600,9854300,POW
2022-08-05,13550,14150,13450,14000,25259000,POW
2022-08-08,14100,14250,13950,14000,10276100,POW
2022-08-09,14050,14350,13950,14050,15229300,POW
2022-08-10,14000,14150,13850,13950,10909900,POW
2022-08-11,14100,14150,13700,13800,15627200,POW
2022-08-12,13800,14100,13700,14000,10031700,POW
2022-08-15,14100,14350,13950,14000,15095600,POW
2022-08-16,14150,14250,13950,14100,10116600,POW
2022-08-17,14200,14250,13900,13950,10690200,POW
2022-08-18,13850,13950,13750,13800,11639800,POW
2022-08-19,13800,13950,13500,13600,11859700,POW
2022-08-22,13600,13750,13500,13650,8338200,POW
2022-08-23,13650,13900,13600,13900,9776000,POW
2022-08-24,13900,14250,13850,14050,15170100,POW
2022-08-25,14100,14300,14000,14100,10613500,POW
2022-08-26,14200,14550,14100,14250,25202400,POW
2022-08-29,14000,14200,13600,13950,14427000,POW
2022-08-30,14200,14200,13750,13850,11044700,POW
2022-08-31,13750,14400,13750,14000,15219200,POW
2022-09-05,14000,14250,14000,14000,10861000,POW
2022-09-06,14150,14700,14050,14300,30632900,POW
2022-09-07,14300,14500,14000,14000,17775200,POW
2022-09-08,14150,14200,13700,13700,18270900,POW
2022-09-09,13750,14200,13700,14050,17780200,POW
2022-09-12,14200,14250,14100,14100,9132800,POW
2022-09-13,14100,14300,13950,14150,11687500,POW
2022-09-14,13900,14400,13900,14150,21305200,POW
2022-09-15,14200,14750,14200,14450,26821500,POW
2022-09-16,14450,14750,14200,14250,22946600,POW
2022-09-19,14300,14350,13400,13500,25475100,POW
2022-09-20,13600,13800,13450,13700,14242600,POW
2022-09-21,13600,13700,13450,13450,12076900,POW
2022-09-22,13350,13650,13200,13650,12987600,POW
2022-09-23,13700,13700,13400,13400,10415400,POW
2022-09-26,13250,13300,12650,12800,19015400,POW
2022-09-27,12850,13250,12750,12950,9469600,POW
2022-09-28,12950,13100,12650,12850,8809200,POW
2022-09-29,13000,13100,12550,12550,8388000,POW
2022-09-30,12500,12550,11950,12350,11444100,POW
2022-10-03,12350,12400,11500,11500,10768100,POW
2022-10-04,11800,11900,11500,11600,9867000,POW
2022-10-05,11850,12200,11750,12100,6458800,POW
2022-10-06,12150,12150,11400,11400,8614200,POW
2022-10-07,11200,11500,10650,10650,20536500,POW
2022-10-10,10300,11100,10300,11000,9891900,POW
2022-10-11,11000,11000,10250,10250,12471500,POW
2022-10-12,10300,10900,10200,10600,10734600,POW
2022-10-13,10750,10750,10500,10600,6737600,POW
2022-10-14,10900,11000,10750,10800,11401700,POW
2022-10-17,10650,11150,10650,11150,11088500,POW
2022-10-18,11300,11400,11000,11100,6344500,POW
2022-10-19,11150,11200,10850,11000,6868200,POW
2022-10-20,10900,11050,10750,10850,5221800,POW
2022-10-21,10900,10900,10150,10300,11890400,POW
2022-10-24,10450,10550,9750,9880,11413900,POW
2022-10-25,9750,10300,9470,9970,10167300,POW
2022-10-26,10050,10200,9960,10000,4822300,POW
2022-10-27,10000,10500,10000,10400,6281100,POW
2022-10-28,10500,10600,10300,10350,6174600,POW
2022-10-31,10350,10350,9860,10350,10293400,POW
2022-11-01,10350,10500,10250,10350,4933800,POW
2022-11-02,10400,10400,10200,10200,6146100,POW
2022-11-03,10050,10200,10000,10100,3667100,POW
2022-11-04,10100,10100,9700,9800,7710300,POW
2022-11-07,9800,9950,9740,9790,6363400,POW
2022-11-08,9740,10450,9710,10450,10855800,POW
2022-11-09,10650,10950,10600,10850,10436300,POW
2022-11-10,10650,10800,10100,10250,12467000,POW
2022-11-11,10600,10800,10300,10600,7777600,POW
2022-11-14,10500,10550,9960,10300,7140300,POW
2022-11-15,10100,10150,9580,9580,13382200,POW
2022-11-16,8910,10150,8910,10100,11312400,POW
2022-11-17,10100,10450,10000,10100,6965000,POW
2022-11-18,10100,10250,9550,10100,8219200,POW
2022-11-21,10100,10500,10100,10300,7636900,POW
2022-11-22,10300,10800,10200,10350,11403800,POW
2022-11-23,10400,10750,10350,10450,8055200,POW
2022-11-24,10450,10600,10300,10600,4923200,POW
2022-11-25,10750,10850,10550,10850,7832500,POW
2022-11-28,10950,11300,10800,11300,13539700,POW
2022-11-29,11300,11450,11000,11300,11265900,POW
2022-11-30,11400,11750,11150,11650,11924900,POW
2022-12-01,11850,11900,11200,11200,12492200,POW
2022-12-02,11050,11700,11000,11700,11549000,POW
2022-12-05,11950,11950,11500,11500,13745100,POW
2022-12-06,11500,11550,10900,10900,12336700,POW
2022-12-07,10900,11150,10750,10950,8784400,POW
2022-12-08,11100,11350,11000,11200,7987600,POW
2022-12-09,11300,11300,11050,11200,4895100,POW
2022-12-12,11200,11550,11150,11150,9549900,POW
2022-12-13,11200,11400,11000,11400,6695200,POW
2022-12-14,11550,11550,11250,11400,8051000,POW
2022-12-15,11300,11450,11250,11400,6406100,POW
2022-12-16,11200,11500,11150,11450,7569800,POW
2022-12-19,11350,11500,11050,11100,9353700,POW
2022-12-20,11050,11150,10600,10700,9038200,POW
2022-12-21,10800,10900,10400,10450,6046800,POW
2022-12-22,10600,10850,10450,10700,6755200,POW
2022-12-23,10600,11200,10600,10950,9759400,POW
2022-12-26,11050,11100,10300,10300,6534600,POW
2022-12-27,10500,10550,10400,10450,1721100,POW
2022-12-27,10450,10650,10350,10650,5246100,POW
2022-12-28,10600,10750,10550,10650,3577400,POW
2022-12-29,10650,10700,10500,10500,3098300,POW
2022-12-30,10600,10750,10550,10650,3547500,POW
2023-01-03,10600,11100,10600,11050,6100800,POW
2023-01-04,11000,11150,10900,11000,6123400,POW
2023-01-05,11000,11750,10950,11750,23637300,POW
2023-01-06,11900,12200,11600,11750,15097700,POW
2023-01-09,11850,12000,11400,11600,8656600,POW
2023-01-10,11600,11750,11350,11700,6062700,POW
2023-01-11,11700,11850,11600,11650,6157300,POW
2023-01-12,11650,12100,11550,11750,7404600,POW
2023-01-13,11900,12100,11750,11850,9287700,POW
2023-01-16,12000,12000,11750,11850,4540400,POW
2023-01-17,11900,12200,11850,12150,10913100,POW
2023-01-18,12250,12300,12050,12150,6386000,POW
2023-01-19,12100,12250,12000,12200,7463800,POW
2023-01-27,12350,12450,12150,12200,7247000,POW
2023-01-30,12250,12600,12100,12350,11216700,POW
2023-01-31,12450,12500,12250,12400,7521200,POW
2023-02-01,12550,12900,11950,11950,15662100,POW
2023-02-02,12100,12100,11850,12000,7694100,POW
2023-02-03,12150,12200,11850,12150,6477100,POW
2023-02-06,12050,12600,11950,12550,9136200,POW
2023-02-07,12600,12750,12050,12200,9291500,POW
2023-02-08,12200,12350,12000,12250,4580300,POW
2023-02-09,12250,12300,12000,12000,3869700,POW
2023-02-10,12100,12300,11950,12000,7572400,POW
2023-02-13,11950,12150,11550,11700,6202600,POW
2023-02-14,11800,11950,11750,11850,3555200,POW
2023-02-15,11850,12050,11750,12000,5005900,POW
2023-02-16,12100,12350,12050,12350,7976500,POW
2023-02-17,12300,12500,12200,12400,8017700,POW
2023-02-20,12400,12700,12350,12650,11234100,POW
2023-02-21,12700,12700,12450,12450,9962600,POW
2023-02-22,12350,12500,12000,12000,11102500,POW
2023-02-23,12000,12200,11900,12200,7552500,POW
2023-02-24,12250,12350,12000,12000,4372700,POW
2023-02-27,11850,12100,11850,12000,6322200,POW
2023-02-28,12100,12250,12000,12100,5103800,POW
2023-03-01,12050,12350,11950,12350,5404700,POW
2023-03-02,12350,12900,12350,12700,22744500,POW
2023-03-03,12750,12850,12350,12350,7251700,POW
2023-03-06,12450,12650,12350,12450,6097300,POW
2023-03-07,12500,12750,12500,12550,7923100,POW
2023-03-08,12500,12800,12450,12750,7743500,POW
2023-03-09,12750,13200,12650,13000,20902900,POW
2023-03-10,12900,13100,12850,12950,8921900,POW
2023-03-13,12800,13150,12800,13150,13893600,POW
2023-03-14,13000,13100,12700,12850,12245900,POW
2023-03-15,13100,13550,12900,13500,16381500,POW
2023-03-16,13400,13400,13150,13250,9365200,POW
2023-03-17,13400,13450,13200,13400,10682900,POW
2023-03-20,13300,13300,12800,12850,9784800,POW
2023-03-21,13000,13300,12850,13200,5582900,POW
2023-03-22,13300,13350,13100,13100,3606500,POW
2023-03-23,13000,13200,12950,13150,4287300,POW
2023-03-24,13200,13300,13050,13250,5116500,POW
2023-03-27,13250,13450,13100,13250,6072200,POW
2023-03-28,13400,13500,13250,13350,4942000,POW
2023-03-29,13300,13400,13250,13300,3372700,POW
2023-03-30,13450,13450,13050,13200,5330600,POW
2023-03-31,13100,13350,13050,13300,5701700,POW
2023-04-03,13300,13400,13100,13150,8593200,POW
2023-04-04,13300,13600,13200,13450,11413300,POW
2023-04-05,13500,13550,13300,13400,5521100,POW
2023-04-06,13450,13450,13150,13200,9202100,POW
2023-04-07,13200,13300,13050,13050,4575500,POW
2023-04-10,13150,13450,13050,13300,11143100,POW
2023-04-11,13400,13400,13200,13350,4098400,POW
2023-04-12,13400,13900,13400,13600,16304500,POW
2023-04-13,13700,14050,13600,13600,11014100,POW
2023-04-14,13600,13650,13200,13250,5124800,POW
2023-04-17,13200,13350,13150,13300,5553200,POW
2023-04-18,13450,13500,13300,13500,3949200,POW
2023-04-19,13500,13550,13100,13200,5220100,POW
2023-04-20,13200,13350,13100,13200,2732800,POW
2023-04-21,13150,13150,12650,12800,10759200,POW
2023-04-24,12800,13000,12750,12900,2920600,POW
2023-04-25,13100,13250,12800,12900,5042600,POW
2023-04-26,12750,12850,12600,12800,3940600,POW
2023-04-27,12800,13000,12800,12900,2656000,POW
2023-04-28,13150,13200,13050,13150,5553100,POW
2023-05-04,13050,13350,13000,13100,7707700,POW
2023-05-05,13000,13150,12950,13000,4168100,POW
2023-05-08,13150,13300,13100,13250,7737600,POW
2023-05-09,13300,13400,13250,13400,5315000,POW
2023-05-10,13350,13400,13250,13350,4393300,POW
2023-05-11,13450,13550,13300,13400,6010100,POW
2023-05-12,13250,13400,13200,13350,4604100,POW
2023-05-15,13450,13450,13250,13300,5494600,POW
2023-05-16,13450,13600,13400,13500,10832800,POW
2023-05-17,13500,13600,13300,13300,4751900,POW
2023-05-18,13350,13550,13300,13450,5415300,POW
2023-05-19,13400,13800,13400,13500,11078100,POW
2023-05-22,13600,13750,13500,13500,8349400,POW
2023-05-23,13700,13900,13650,13700,12453100,POW
2023-05-24,13750,13750,13500,13500,4872500,POW
2023-05-25,13500,13650,13450,13450,5753700,POW
2023-05-26,13550,13700,13500,13600,5886000,POW
2023-05-29,13600,13800,13550,13600,6272300,POW
2023-05-30,13650,13750,13550,13650,5709500,POW
2023-05-31,13650,13850,13550,13650,11996300,POW
2023-06-01,13700,13750,13550,13650,5145600,POW
2023-06-02,13700,13750,13600,13650,6661100,POW
2023-06-05,13700,14100,13650,13950,16792700,POW
2023-06-06,14000,14000,13750,13800,6038300,POW
2023-06-07,13900,13950,13750,13750,9267100,POW
2023-06-08,13850,14200,13750,13800,15149300,POW
2023-06-09,13850,13900,13700,13750,5123000,POW
2023-06-12,13750,14050,13750,13900,7899200,POW
2023-06-13,14050,14050,13750,13850,5754600,POW
2023-06-14,13850,13950,13750,13750,6980400,POW
2023-06-15,13750,13750,13550,13550,5863000,POW
2023-06-16,13600,13750,13500,13500,7348700,POW
2023-06-19,13550,13650,13500,13550,3465100,POW
2023-06-20,13550,13650,13450,13600,3980400,POW
2023-06-21,13600,13750,13550,13650,5540500,POW
2023-06-22,13700,13850,13600,13750,8545500,POW
2023-06-23,13850,13900,13650,13700,5242800,POW
2023-06-26,13750,13750,13550,13650,4815800,POW
2023-06-27,13650,13750,13550,13600,4676600,POW
2023-06-28,13700,13900,13650,13800,8794600,POW
2023-06-29,13700,13800,13550,13550,5218100,POW
2023-06-30,13550,13600,13350,13400,6924500,POW
2023-07-03,13400,13550,13300,13300,6065100,POW
2023-07-04,13450,13450,13250,13400,5540000,POW
2023-07-05,13450,13550,13400,13500,4851200,POW
2023-07-06,13500,13550,13150,13250,6733000,POW
2023-07-07,13250,13250,12900,13100,10147100,POW
2023-07-10,13100,13250,13100,13200,5453800,POW
2023-07-11,13250,13350,13150,13250,7512800,POW
2023-07-12,13350,13400,13150,13250,4831300,POW
2023-07-13,13300,13450,13250,13350,8294000,POW
2023-07-14,13350,13400,13200,13300,7549600,POW
2023-07-17,13400,13400,13250,13350,6167800,POW
2023-07-18,13350,13550,13300,13500,9685700,POW
2023-07-19,13550,13550,13300,13300,6085500,POW
2023-07-20,13300,13300,13100,13300,9016400,POW
2023-07-21,13300,13300,13100,13250,10103000,POW
2023-07-24,13350,13400,13200,13300,8856800,POW
2023-07-25,13400,13400,13200,13250,9175700,POW
2023-07-26,13300,13800,13200,13550,27135300,POW
2023-07-27,13600,13650,13300,13300,12300700,POW
2023-07-28,13300,13600,13300,13550,16812900,POW
2023-07-31,13650,13900,13550,13700,14505500,POW
2023-08-01,13850,13850,13400,13450,14528600,POW
2023-08-02,13500,13700,13400,13700,9705600,POW
2023-08-03,13700,13700,13450,13500,8300800,POW
2023-08-04,13500,13700,13400,13600,11430900,POW
2023-08-07,13650,13800,13550,13700,11572500,POW
2023-08-08,13750,14150,13750,14100,27973800,POW
2023-08-09,14200,14200,13850,13900,10276200,POW
2023-08-10,13950,14000,13750,13800,14455500,POW
2023-08-11,13800,13900,13550,13650,10604900,POW
2023-08-14,13800,13850,13650,13750,8760500,POW
2023-08-15,13800,14150,13650,13900,12487000,POW
2023-08-16,14000,14000,13750,13900,8360800,POW
2023-08-17,13900,14100,13800,14000,14962000,POW
2023-08-18,14050,14050,13050,13050,21143200,POW
2023-08-21,13050,13150,12700,13000,9020800,POW
2023-08-22,13000,13000,12300,12800,13991900,POW
2023-08-23,12850,12950,12350,12350,13194700,POW
2023-08-24,12500,12650,12350,12600,8288700,POW
2023-08-25,12550,12700,12450,12500,6763200,POW
2023-08-28,12600,12700,12500,12700,4816200,POW
2023-08-29,12700,12750,12500,12600,8648900,POW
2023-08-30,12650,12800,12600,12700,5476400,POW
2023-08-31,12750,12800,12700,12800,7255300,POW
2023-09-05,12850,13050,12800,13000,9229000,POW
2023-09-06,13000,13100,12850,13000,6737400,POW
2023-09-07,13100,13150,12900,12900,8434900,POW
2023-09-08,12900,13000,12850,12850,10413700,POW
2023-09-11,13000,13050,12700,12700,8195000,POW
2023-09-12,12800,12950,12700,12900,3267400,POW
2023-09-13,12950,13200,12900,12950,10777900,POW
2023-09-14,13000,13000,12750,12750,6690500,POW
2023-09-15,12800,13050,12750,12750,6491600,POW
2023-09-18,12850,12850,12600,12650,5672000,POW
2023-09-19,12700,12850,12500,12750,5469700,POW
2023-09-20,12750,12850,12700,12800,3626400,POW
2023-09-21,12800,12900,12650,12700,5685400,POW
2023-09-22,12600,12650,12150,12300,9838400,POW
2023-09-25,12350,12400,11800,11800,7935200,POW
2023-09-26,11850,11950,11650,11650,7568700,POW
2023-09-27,11700,11750,11500,11750,4547700,POW
2023-09-28,11750,11800,11500,11500,4856900,POW
2023-09-29,11950,11950,11600,11600,5495500,POW
2023-10-02,11650,11850,11600,11750,2863600,POW
2023-10-03,11700,11750,11200,11200,7906600,POW
2023-10-04,11200,11400,11100,11250,5552200,POW
2023-10-05,11250,11300,10900,10900,8237200,POW
2023-10-06,10950,11250,10900,11200,5141700,POW
2023-10-09,11000,11200,11000,11200,9548100,POW
2023-10-10,11250,11450,11250,11450,5117300,POW
2023-10-11,11650,11650,11350,11500,3941700,POW
2023-10-12,11550,11550,11400,11450,3238700,POW
2023-10-13,11250,11450,11200,11400,4775000,POW
2023-10-16,11400,11500,11250,11350,3084000,POW
2023-10-17,11350,11450,11250,11250,3317900,POW
2023-10-18,11250,11300,10900,11250,6950500,POW
2023-10-19,11150,11200,10950,11050,3038200,POW
2023-10-20,11100,11200,10950,11200,3866400,POW
2023-10-23,11200,11250,10950,11050,3287800,POW
2023-10-24,11050,11200,10950,11200,3876400,POW
2023-10-25,11200,11350,11150,11200,2846800,POW
2023-10-26,11150,11150,10750,10800,8779800,POW
2023-10-27,10900,11000,10750,11000,3606800,POW
2023-10-30,10900,11000,10850,10850,2475200,POW
2023-10-31,10900,10950,10600,10600,5343300,POW
2023-11-01,10650,10700,10550,10700,3328300,POW
2023-11-02,10800,11150,10800,11100,4834700,POW
2023-11-03,11150,11200,11000,11100,4794700,POW
2023-11-06,11150,11250,11100,11250,4854700,POW
2023-11-07,11200,11300,11100,11150,3184300,POW
2023-11-08,11150,11500,11100,11500,5094000,POW
2023-11-09,11500,11800,11400,11550,10908400,POW
2023-11-10,11750,12000,11600,11700,12128600,POW
2023-11-13,11850,12100,11800,11900,12245700,POW
2023-11-14,12000,12000,11700,11850,6806900,POW
2023-11-15,11950,12100,11750,11750,9811800,POW
2023-11-16,11800,11850,11650,11850,3788600,POW
2023-11-17,11850,11950,11600,11650,5791900,POW
2023-11-20,11550,11700,11450,11650,4704800,POW
2023-11-21,11700,11800,11600,11700,2911000,POW
2023-11-22,11700,11700,11500,11650,4812300,POW
2023-11-23,11700,11700,11450,11450,5684500,POW
2023-11-24,11450,11500,11200,11400,6311600,POW
2023-11-27,11400,11450,11300,11300,2236400,POW
2023-11-28,11300,11350,11150,11300,4291700,POW
2023-11-29,11350,11400,11300,11300,3554900,POW
2023-11-30,11400,11450,11200,11250,4393300,POW
2023-12-01,11350,11350,11200,11300,2525200,POW
2023-12-04,11350,11600,11300,11550,5672800,POW
2023-12-05,11550,11650,11450,11450,3692700,POW
2023-12-06,11500,11600,11450,11550,2318900,POW
2023-12-07,11550,11700,11450,11500,5040900,POW
2023-12-08,11600,11850,11550,11650,6565500,POW
2023-12-11,11700,11750,11550,11600,2423300,POW
2023-12-12,11650,11700,11500,11600,3002900,POW
2023-12-13,11600,11600,11400,11400,4452700,POW
2023-12-14,11450,11500,11250,11300,3182300,POW
2023-12-15,11350,11400,11200,11200,6925300,POW
2023-12-18,11250,11300,11100,11100,3359100,POW
2023-12-19,11100,11250,11100,11200,2564200,POW
2023-12-20,11300,11350,11200,11300,2902000,POW
2023-12-21,11300,11350,11250,11300,2088100,POW
2023-12-22,11350,11350,11150,11250,4125900,POW
2023-12-25,11300,11400,11200,11300,3859800,POW
2023-12-26,11300,11400,11200,11250,3913700,POW
2023-12-27,11350,11350,11150,11150,6907600,POW
2023-12-28,11250,11300,11150,11250,2966200,POW
2023-12-29,11250,11300,11200,11250,5571100,POW
2024-01-02,11300,11350,11200,11250,3502100,POW
2024-01-03,11250,11400,11200,11400,4520200,POW
2024-01-04,11450,11600,11400,11450,7748000,POW
2024-01-05,11450,11500,11300,11300,4310300,POW
2024-01-08,11350,11450,11300,11400,6005800,POW
2024-01-09,11400,11450,11350,11450,4060000,POW
2024-01-10,11500,11550,11350,11400,4321200,POW
2024-01-11,11400,11800,11400,11650,11453500,POW
2024-01-12,11750,11750,11350,11450,8294100,POW
2024-01-15,11550,11600,11400,11400,4254200,POW
2024-01-16,11400,11500,11350,11500,2788400,POW
2024-01-17,11500,11550,11400,11400,4245500,POW
2024-01-18,11400,11450,11350,11400,3571700,POW
2024-01-19,11450,11600,11450,11550,5917700,POW
2024-01-22,11600,11650,11450,11550,4024000,POW
2024-01-23,11550,11600,11400,11450,4086900,POW
2024-01-24,11450,11500,11350,11400,3625700,POW
2024-01-25,11400,11450,11350,11450,1763500,POW
2024-01-26,11400,11450,11400,11400,2315600,POW
2024-01-29,11450,11500,11400,11400,3347200,POW
2024-01-30,11450,11650,11400,11500,7274600,POW
2024-01-31,11550,11550,11350,11350,4573100,POW
2024-02-01,11350,11450,11300,11350,2541200,POW
2024-02-02,11400,11400,11300,11300,2618100,POW
2024-02-05,11350,11350,11250,11250,3680400,POW
2024-02-06,11300,11350,11250,11350,3944300,POW
2024-02-07,11350,11400,11300,11350,2857700,POW
2024-02-15,11400,11450,11350,11400,4291100,POW
2024-02-16,11450,11500,11400,11500,2896000,POW
2024-02-19,11500,12100,11500,12000,22515100,POW
2024-02-20,12050,12250,11850,11900,7675800,POW
2024-02-21,11850,11900,11750,11800,6651900,POW
2024-02-22,11800,11900,11750,11750,5355200,POW
2024-02-23,11800,11850,11500,11500,9330900,POW
2024-02-26,11500,11600,11450,11550,6812700,POW
2024-02-27,11600,11800,11550,11750,6554500,POW
2024-02-28,11850,11900,11750,11800,7057300,POW
2024-02-29,11900,11900,11650,11650,6477300,POW
